id,contract_epsilon,B,S,R,D,L,F,r,g,b,nx,ny,nz,gpu_r,raw_reference,safe_reference,positive_r,coefficient_denominator,stable_denominator,tone_reference
legal_original,0.01,0.01,0.0,0.0,0.0,1.0,0.01,0.001,0.001,0.001,0.0,0.0,1.0,0.07739938050508499,1.0,1.0,1.0,7.748603820800781e-07,7.73993798228119e-07,1.0
legal_dark_extreme,0.01,0.01,0.0,0.0,0.0,1.0,0.01,0.0002,0.0002,0.0002,0.0,0.0,1.0,0.015479875728487968,1.0,1.0,1.0,1.7881393432617188e-07,1.547987596456238e-07,1.0
legal_cancellation,0.01,0.5,0.0,0.0,0.0,1.0,0.01,0.000259,0.000259,0.000259,0.0,0.0,1.0,0.9979923367500305,1.0,1.0,1.0,1.004338264465332e-05,1.0023219147115014e-05,1.0
legal_black_constant,0.01,0.99,0.0,0.0,0.99,0.99,0.01,0.0,0.0,0.0,0.0,0.0,1.0,0.08926323801279068,0.0,0.08926244965172656,0.0892624482512474,0.00010979884090134284,0.0001097998092083937,0.9900000095367432
legal_black_near_light,0.01,0.99,0.0,0.0,0.99,1.0,0.01,0.0,0.0,0.0,0.4358898943540673,0.0,0.9,0.49726754426956177,0.0,0.49724027554471123,0.4972432851791382,1.9889009634418472e-05,1.9889981444839558e-05,0.9990000008872824
legal_white_grazing,0.01,0.5,0.0,0.0,0.0,0.01,0.01,1.0,1.0,1.0,0.9999499887489374,0.0,0.010001,0.9089944362640381,1.0,0.908994405323872,0.9089944362640381,5.5010787522207524e-05,5.5010787522207524e-05,0.0001000099976384382
legal_color_floor_warp,0.01,0.99,0.99,0.0,0.0,0.01,0.01,0.99999,0.99999,0.99999,-0.9999499887489374,0.0,0.010001,0.7018634080886841,0.9686059780729545,0.9685788434813971,0.9685788750648499,7.246324988589108e-06,7.246324988589108e-06,7.089693757708466e-06
legal_small_shift,0.01,0.5,1e-05,0.0,0.0,1.0,0.01,0.7353569830524495,0.7353569830524495,0.7353569830524495,0.6,0.0,0.8,0.8000000715255737,0.8000047999887999,0.8000048691287178,0.8000000715255737,0.2500000357633582,0.2500000357633582,0.8000047928361547
legal_reverse_tone,0.01,0.5,0.0,0.0,0.99,0.01,0.01,0.7353569830524495,0.7353569830524495,0.7353569830524495,0.0,0.0,1.0,0.009999996051192284,0.01,0.010000004497171446,0.009999996051192284,0.2499999415874481,0.2499999415874481,0.009999999776482582
legal_shift_max,0.01,0.5,0.99,0.0,0.0,1.0,0.01,0.7353569830524495,0.7353569830524495,0.7353569830524495,0.0,0.0,1.0,0.1410672962665558,0.1410673597966589,0.14106735064559106,0.1410672962665558,0.24999995721188698,0.249999957211887,0.14106729286850458
legal_rotation_zero,0.01,0.5,0.99,0.0,0.0,1.0,0.01,0.7353569830524495,0.7353569830524495,0.7353569830524495,0.6,0.0,0.8,0.27796509861946106,0.27796524097863823,0.27796521269830377,0.27796509861946106,0.24999997353137934,0.24999997353137932,0.2779651169968324
legal_rotation_full_turn,0.01,0.5,0.99,360.0,0.0,1.0,0.01,0.7353569830524495,0.7353569830524495,0.7353569830524495,0.6,0.0,0.8,0.27796509861946106,0.27796524097863823,0.27796521269830377,0.27796509861946106,0.24999997353137934,0.24999997353137932,0.2779651169968324
legal_black_singular,0.01,0.5,0.0,0.0,0.0,1.0,0.01,0.0,0.0,0.0,0.0,0.0,1.0,0.5,,1.0,1.0,5.0067901611328125e-06,4.999999873689376e-06,1.0
legal_white_singular,0.01,0.5,0.0,0.0,0.0,1.0,0.01,1.0,1.0,1.0,0.0,0.0,-1.0,0.0,,0.0,0.0,5.0067901611328125e-06,5.0067901611328125e-06,0.0
epsilon_0p5_dark,0.5,0.5,0.0,0.0,0.0,1.0,0.01,0.0002,0.0002,0.0002,0.0,0.0,1.0,0.7739937901496887,1.0,1.0,1.0,7.718801498413086e-06,7.739938155282289e-06,1.0
epsilon_0p5_black,0.5,0.5,0.0,0.0,0.5,1.0,0.01,0.0,0.0,0.0,0.4358898943540673,0.0,0.9,0.00018996570724993944,0.0,0.00018996578808332045,0.00018996575090568513,0.02500450777091282,0.025004501659654163,0.9499999966803979
epsilon_0p5_front,0.5,0.5,0.5,0.0,0.0,1.0,0.01,0.7353569830524495,0.7353569830524495,0.7353569830524495,0.0,0.0,1.0,0.866025447845459,0.8660254037844386,0.8660254591096528,0.866025447845459,0.2500000436336283,0.2500000436336283,0.8660254037844386
epsilon_0p5_grazing,0.5,0.5,0.5,0.0,0.0,1.0,0.01,0.7353569830524495,0.7353569830524495,0.7353569830524495,0.9999499887489374,0.0,0.010001,0.017321379855275154,0.01732137386291933,0.01732138195748144,0.017321379855275154,0.2499999424602239,0.2499999424602239,0.017321373841070343
epsilon_0p5_reverse,0.5,0.5,0.0,0.0,0.5,0.5,0.01,0.7353569830524495,0.7353569830524495,0.7353569830524495,0.0,0.0,1.0,0.5000001192092896,0.5,0.5000001192092896,0.5000001192092896,0.25,0.25,0.5
epsilon_0p1_dark,0.1,0.1,0.0,0.0,0.0,1.0,0.01,0.0002,0.0002,0.0002,0.0,0.0,1.0,0.15479876101016998,1.0,1.0,1.0,1.5497207641601562e-06,1.547987654123271e-06,1.0
epsilon_0p1_black,0.1,0.9,0.0,0.0,0.9,1.0,0.01,0.0,0.0,0.0,0.4358898943540673,0.0,0.9,0.008831403218209743,0.0,0.008831395300163462,0.008831406012177467,0.0010089008577682812,0.0010089005427355525,0.9899999969518937
epsilon_0p1_front,0.1,0.5,0.9,0.0,0.0,1.0,0.01,0.7353569830524495,0.7353569830524495,0.7353569830524495,0.0,0.0,1.0,0.4358901083469391,0.4358898943540673,0.4358900608307849,0.4358901083469391,0.2499999923574857,0.2499999923574857,0.43588994358133987
epsilon_0p1_grazing,0.1,0.5,0.9,0.0,0.0,1.0,0.01,0.7353569830524495,0.7353569830524495,0.7353569830524495,0.9999499887489374,0.0,0.010001,0.04357375577092171,0.04357373574100936,0.043573750095722466,0.04357375577092171,0.24999994558974864,0.24999994558974864,0.04357373022350084
epsilon_0p1_reverse,0.1,0.5,0.0,0.0,0.9,0.1,0.01,0.7353569830524495,0.7353569830524495,0.7353569830524495,0.0,0.0,1.0,0.10000006854534149,0.1,0.10000004440546911,0.10000006854534149,0.24999995231628436,0.24999995231628436,0.10000000149011612
epsilon_0p01_dark,0.01,0.01,0.0,0.0,0.0,1.0,0.01,0.0002,0.0002,0.0002,0.0,0.0,1.0,0.015479875728487968,1.0,1.0,1.0,1.7881393432617188e-07,1.547987596456238e-07,1.0
epsilon_0p01_black,0.01,0.99,0.0,0.0,0.99,1.0,0.01,0.0,0.0,0.0,0.4358898943540673,0.0,0.9,0.49726754426956177,0.0,0.49724027554471123,0.4972432851791382,1.9889009634418472e-05,1.9889981444839558e-05,0.9990000008872824
epsilon_0p01_front,0.01,0.5,0.99,0.0,0.0,1.0,0.01,0.7353569830524495,0.7353569830524495,0.7353569830524495,0.0,0.0,1.0,0.1410672962665558,0.1410673597966589,0.14106735064559106,0.1410672962665558,0.24999995721188698,0.249999957211887,0.14106729286850458
epsilon_0p01_grazing,0.01,0.5,0.99,0.0,0.0,1.0,0.01,0.7353569830524495,0.7353569830524495,0.7353569830524495,0.9999499887489374,0.0,0.010001,0.14038650691509247,0.14038639749491988,0.14038652147500047,0.14038650691509247,0.24999995713072584,0.24999995713072587,0.14038646393118612
epsilon_0p01_reverse,0.01,0.5,0.0,0.0,0.99,0.01,0.01,0.7353569830524495,0.7353569830524495,0.7353569830524495,0.0,0.0,1.0,0.009999996051192284,0.01,0.010000004497171446,0.009999996051192284,0.2499999415874481,0.2499999415874481,0.009999999776482582
epsilon_0p005_dark,0.005,0.005,0.0,0.0,0.0,1.0,0.01,0.0002,0.0002,0.0002,0.0,0.0,1.0,0.007739937864243984,1.0,1.0,1.0,5.960464477539063e-08,7.73993798228119e-08,1.0
epsilon_0p005_black,0.005,0.995,0.0,0.0,0.995,1.0,0.01,0.0,0.0,0.0,0.4358898943540673,0.0,0.9,0.7991245985031128,0.0,0.7991184120377431,0.7991107702255249,1.2444780089878873e-05,1.2444995198498725e-05,0.9995000004436412
epsilon_0p005_front,0.005,0.5,0.995,0.0,0.0,1.0,0.01,0.7353569830524495,0.7353569830524495,0.7353569830524495,0.0,0.0,1.0,0.09987504780292511,0.09987492177719094,0.09987491714007747,0.09987504780292511,0.24999995230136804,0.249999952301368,0.09987487427246419
epsilon_0p005_grazing,0.005,0.5,0.995,0.0,0.0,1.0,0.01,0.7353569830524495,0.7353569830524495,0.7353569830524495,0.9999499887489374,0.0,0.010001,0.19780178368091583,0.1978012532000142,0.19780142130524345,0.19780178368091583,0.24999996397511312,0.2499999639751131,0.19780134564263235
epsilon_0p005_reverse,0.005,0.5,0.0,0.0,0.995,0.005,0.01,0.7353569830524495,0.7353569830524495,0.7353569830524495,0.0,0.0,1.0,0.004999998025596142,0.005,0.00500000226050666,0.004999998025596142,0.24999994099140166,0.24999994099140166,0.004999999888241291
epsilon_0p001_dark,0.001,0.001,0.0,0.0,0.0,1.0,0.01,0.0002,0.0002,0.0002,0.0,0.0,1.0,0.0015479876892641187,1.0,1.0,1.0,0.0,1.547987704581925e-08,1.0
epsilon_0p001_black,0.001,0.999,0.0,0.0,0.999,1.0,0.01,0.0,0.0,0.0,0.4358898943540673,0.0,0.9,0.9900919198989868,0.0,0.9900885659318166,0.9900868535041809,1.0088945460504882e-05,1.0088997320945801e-05,0.9999000012808212
epsilon_0p001_front,0.001,0.5,0.999,0.0,0.0,1.0,0.01,0.7353569830524495,0.7353569830524495,0.7353569830524495,0.0,0.0,1.0,0.044709764420986176,0.04471017781221634,0.04470991050852286,0.044709764420986176,0.24999994572518947,0.24999994572518947,0.04470989014236669
epsilon_0p001_grazing,0.001,0.5,0.999,0.0,0.0,1.0,0.01,0.7353569830524495,0.7353569830524495,0.7353569830524495,0.9999499887489374,0.0,0.010001,0.42587196826934814,0.42586951912646676,0.4258721169140846,0.42587196826934814,0.24999999116325383,0.24999999116325383,0.42587200032499223
epsilon_0p001_reverse,0.001,0.5,0.0,0.0,0.999,0.001,0.01,0.7353569830524495,0.7353569830524495,0.7353569830524495,0.0,0.0,1.0,0.0009999875910580158,0.001,0.0010000005238579082,0.0009999875910580158,0.24999994051456453,0.24999994051456453,0.0010000000474974513
epsilon_0p0001_dark,0.0001,0.0001,0.0,0.0,0.0,1.0,0.01,0.0002,0.0002,0.0002,0.0,0.0,1.0,0.00015479876310564578,1.0,1.0,1.0,0.0,1.547987591951001e-09,1.0
epsilon_0p0001_black,0.0001,0.9999,0.0,0.0,0.9999,1.0,0.01,0.0,0.0,0.0,0.4358898943540673,0.0,0.9,0.9998899102210999,0.0,0.9998999668017065,0.9998998641967773,9.999899618544984e-06,9.999899896839255e-06,0.9999899983399426
epsilon_0p0001_front,0.0001,0.5,0.9999,0.0,0.0,1.0,0.01,0.7353569830524495,0.7353569830524495,0.7353569830524495,0.0,0.0,1.0,0.014143316075205803,0.014141782065920051,0.014142961946011987,0.014143316075205803,0.24999994208132686,0.24999994208132686,0.01414295529750232
epsilon_0p0001_grazing,0.0001,0.5,0.9999,0.0,0.0,1.0,0.01,0.7353569830524495,0.7353569830524495,0.7353569830524495,0.9999499887489374,0.0,0.010001,0.9428566098213196,0.9428404649819243,0.9428144198637597,0.9428566098213196,0.25000005278758936,0.25000005278758936,0.9428143941548932
epsilon_0p0001_reverse,0.0001,0.5,0.0,0.0,0.9999,0.0001,0.01,0.7353569830524495,0.7353569830524495,0.7353569830524495,0.0,0.0,1.0,0.00010001663758885115,0.0001,0.00010000004515274513,0.00010001663758885115,0.24999994040727616,0.24999994040727613,9.999999747378752e-05
epsilon_1e-05_dark,1e-05,1e-05,0.0,0.0,0.0,1.0,0.01,0.0002,0.0002,0.0002,0.0,0.0,1.0,1.5479876310564578e-05,1.0,1.0,1.0,0.0,1.547987591951001e-10,1.0
epsilon_1e-05_black,1e-05,0.99999,0.0,0.0,0.99999,1.0,0.01,0.0,0.0,0.0,0.4358898943540673,0.0,0.9,0.9999889731407166,0.0,0.9999989972819873,0.9999989867210388,9.999899716560576e-06,9.999899625177076e-06,0.9999989986419013
epsilon_1e-05_front,1e-05,0.5,0.99999,0.0,0.0,1.0,0.01,0.7353569830524495,0.7353569830524495,0.7353569830524495,0.0,0.0,1.0,0.00447517354041338,0.00447212477463554,0.004475162498342389,0.00447517354041338,0.2499999409288359,0.24999994092883593,0.004475160373968778
epsilon_1e-05_grazing,1e-05,0.5,0.99999,0.0,0.0,1.0,0.01,0.7353569830524495,0.7353569830524495,0.7353569830524495,0.9999499887489374,0.0,0.010001,0.7456710338592529,0.7452951206751245,0.7456323781361351,0.7456710338592529,0.2500000292816505,0.2500000292816505,0.7456322876969314
epsilon_1e-05_reverse,1e-05,0.5,0.0,0.0,0.99999,1e-05,0.01,0.7353569830524495,0.7353569830524495,0.7353569830524495,0.0,0.0,1.0,1.0013585779233836e-05,1e-05,1.0000004515703665e-05,1.0013585779233836e-05,0.24999994039654733,0.24999994039654733,9.999999747378752e-06
epsilon_1e-06_dark,1e-06,1e-06,0.0,0.0,0.0,1.0,0.01,0.0002,0.0002,0.0002,0.0,0.0,1.0,1.5479876310564578e-05,1.0,1.0,1.0,0.0,1.547987591951001e-10,1.0
epsilon_1e-06_black,1e-06,0.999999,0.0,0.0,0.999999,1.0,0.01,0.0,0.0,0.0,0.4358898943540673,0.0,0.9,0.9999898672103882,0.0,0.9999998985344866,0.9999998807907104,9.999899704337648e-06,9.99989961295415e-06,0.9999998986720972
epsilon_1e-06_front,1e-06,0.5,0.999999,0.0,0.0,1.0,0.01,0.7353569830524495,0.7353569830524495,0.7353569830524495,0.0,0.0,1.0,0.00447517354041338,0.0014142132088399936,0.004475162498342389,0.00447517354041338,0.2499999409288359,0.24999994092883593,0.004475160373968778
epsilon_1e-06_grazing,1e-06,0.5,0.999999,0.0,0.0,1.0,0.01,0.7353569830524495,0.7353569830524495,0.7353569830524495,0.9999499887489374,0.0,0.010001,0.7456710338592529,0.2772635423219904,0.7456323781361351,0.7456710338592529,0.2500000292816505,0.2500000292816505,0.7456322876969314
epsilon_1e-06_reverse,1e-06,0.5,0.0,0.0,0.999999,1e-06,0.01,0.7353569830524495,0.7353569830524495,0.7353569830524495,0.0,0.0,1.0,1.0132794159289915e-06,1e-06,1.0000004743120368e-06,1.0132794159289915e-06,0.24999994039547443,0.2499999403954744,9.999999974752427e-07
legal_universal_counterexample,0.01,0.5,0.0,0.0,0.0,1.0,0.01,0.0002,0.0002,0.0002,0.0,0.0,1.0,0.7739937901496887,1.0,1.0,1.0,7.718801498413086e-06,7.739938155282289e-06,1.0
legal_shadow_floor,0.01,0.99,0.0,0.0,1e-06,0.01,0.01,0.99999,0.99999,0.99999,0.0,0.0,-1.0,0.09899774938821793,0.8131473007392706,0.8130118149323955,0.8130118250846863,1.2176667639631188e-06,1.2176667639631188e-06,9.999999974752427e-07
legal_white_darkpoint,0.01,0.5,0.0,0.0,0.0001,0.01,0.01,1.0,1.0,1.0,0.0,0.0,-1.0,0.9089860916137695,1.0,0.9089861320777017,0.9089861512184143,5.500578754001964e-05,5.500578754001964e-05,9.999999747378752e-05
legal_darkpoint_underflow,0.01,0.5,0.0,0.0,1e-40,0.01,0.01,0.7353569830524495,0.7353569830524495,0.7353569830524495,0.0,0.0,-1.0,0.0,1e-40,9.999950869461778e-41,0.0,0.24999994039535522,0.24999994039535522,9.99994610111476e-41
