id,contract_epsilon,B,S,R,D,L,F,r,g,b,nx,ny,nz,gpu_r,gpu_g,gpu_b,reference_stored,reference_requested,positive_r,reference_at_gpu_tone,reference_tone,gpu_tone,reference_denominator,gpu_denominator_raw
named_front_0p010001,0.01,0.01,0.0,0.0,0.0,1.0,0.01,0.010001,0.010001,0.010001,0.0,0.0,1.0,0.774071216583252,0.774071216583252,0.774071216583252,1.0,1.0,1.0,1.0,1.0,1.0,7.740711853115737e-06,7.748603820800781e-06
named_front_0p0101,0.01,0.01,0.0,0.0,0.0,1.0,0.01,0.0101,0.0101,0.0101,0.0,0.0,1.0,0.7817336916923523,0.7817336916923523,0.7817336916923523,1.0,1.0,1.0,1.0,1.0,1.0,7.817336998306129e-06,7.808208465576172e-06
named_front_0p011,0.01,0.01,0.0,0.0,0.0,1.0,0.01,0.011,0.011,0.011,0.0,0.0,1.0,0.8513931632041931,0.8513931632041931,0.8513931632041931,1.0,1.0,1.0,1.0,1.0,1.0,8.513931343951862e-06,8.52346420288086e-06
named_front_0p012,0.01,0.01,0.0,0.0,0.0,1.0,0.01,0.012,0.012,0.012,0.0,0.0,1.0,0.9287925362586975,0.9287925362586975,0.9287925362586975,1.0,1.0,1.0,1.0,1.0,1.0,9.287925578737428e-06,9.298324584960938e-06
named_front_0p0129,0.01,0.01,0.0,0.0,0.0,1.0,0.01,0.0129,0.0129,0.0129,0.0,0.0,1.0,0.9970979690551758,0.9970979690551758,0.9970979690551758,1.0,1.0,1.0,1.0,1.0,1.0,9.984520506459756e-06,1.0013580322265625e-05
named_front_0p01292,0.01,0.01,0.0,0.0,0.0,1.0,0.01,0.01292,0.01292,0.01292,0.0,0.0,1.0,0.998643696308136,0.998643696308136,0.998643696308136,1.0,1.0,0.9999999403953552,1.0,1.0,1.0,9.999999087303892e-06,1.0013580322265625e-05
named_front_0p013,0.01,0.01,0.0,0.0,0.0,1.0,0.01,0.013,0.013,0.013,0.0,0.0,1.0,0.9988815784454346,0.9988815784454346,0.9988815784454346,1.0,1.0,1.0,1.0,1.0,1.0,1.0061919231446398e-05,1.0073184967041016e-05
named_front_0p015,0.01,0.01,0.0,0.0,0.0,1.0,0.01,0.015,0.015,0.015,0.0,0.0,1.0,0.9988815784454346,0.9988815784454346,0.9988815784454346,1.0,1.0,0.9999999403953552,1.0,1.0,1.0,1.1609906536864337e-05,1.1622905731201172e-05
named_front_0p02,0.01,0.01,0.0,0.0,0.0,1.0,0.01,0.02,0.02,0.02,0.0,0.0,1.0,0.9988815188407898,0.9988815188407898,0.9988815188407898,1.0,1.0,0.9999999403953552,1.0,1.0,1.0,1.5479875382485783e-05,1.5497207641601562e-05
named_front_0p03,0.01,0.01,0.0,0.0,0.0,1.0,0.01,0.03,0.03,0.03,0.0,0.0,1.0,0.9988815784454346,0.9988815784454346,0.9988815784454346,1.0,1.0,0.9999999403953552,1.0,1.0,1.0,2.3219813073728675e-05,2.3245811462402344e-05
named_rgb_distortion,0.01,0.01,0.0,0.0,0.0,1.0,0.01,0.0101,0.02,0.5,0.0,0.0,1.0,0.7817336916923523,0.9988815188407898,1.0,1.0,1.0,1.0,1.0,1.0,1.0,7.817336998306129e-06,7.808208465576172e-06
named_dark_endpoint,0.01,0.01,0.0,0.0,0.0,1.0,0.01,0.010001,0.010001,0.010001,0.0,0.0,-1.0,0.0,0.0,0.0,0.0,0.0,0.0,0.0,0.0,0.0,0.9892336697327572,0.989233672618866
named_high_color_shadow,0.01,0.99,0.0,0.0,1e-06,0.01,0.01,0.989999,0.989999,0.989999,0.0,0.0,-1.0,0.004263240844011307,0.004263240844011307,0.004263240844011307,0.004263241057905436,0.004263222107253299,0.004263240844011307,0.004263241057905436,9.999999974752427e-07,9.999999974752427e-07,0.00022696951978931748,0.0002269695105496794
named_tiny_shift,0.01,0.5,1e-05,0.0,0.0,1.0,0.01,0.7353569830524495,0.7353569830524495,0.7353569830524495,0.6,0.0,0.8,0.8000000715255737,0.8000000715255737,0.8000000715255737,0.8000048691287178,0.8000047999887999,0.8000000715255737,0.8000000882148599,0.8000047928361547,0.800000011920929,0.2500000357633582,0.2500000298023224
named_tiny_dark,0.01,0.5,0.0,0.0,1e-40,0.01,0.01,0.7353569830524495,0.7353569830524495,0.7353569830524495,0.0,0.0,-1.0,0.0,0.0,0.0,9.999950869461778e-41,1e-40,0.0,0.0,9.99994610111476e-41,0.0,0.24999994039535522,0.24999994039535522
named_reverse,0.01,0.5,0.0,0.0,0.99,0.01,0.01,0.7353569830524495,0.7353569830524495,0.7353569830524495,0.0,0.0,1.0,0.009999996051192284,0.009999996051192284,0.009999996051192284,0.010000004497171446,0.01,0.009999996051192284,0.00999999518394135,0.009999999776482582,0.009999990463256836,0.2499999415874481,0.24999994039535522
named_shift_max,0.01,0.5,0.99,0.0,0.0,1.0,0.01,0.7353569830524495,0.7353569830524495,0.7353569830524495,0.0,0.0,1.0,0.1410672962665558,0.1410672962665558,0.1410672962665558,0.14106735064559106,0.1410673597966589,0.1410672962665558,0.14106729443897825,0.14106729286850458,0.141067236661911,0.249999957211887,0.24999995529651642
named_rotation_0,0.01,0.5,0.99,0.0,0.0,1.0,0.01,0.7353569830524495,0.7353569830524495,0.7353569830524495,0.6,0.0,0.8,0.27796509861946106,0.27796509861946106,0.27796509861946106,0.27796521269830377,0.27796524097863823,0.27796509861946106,0.2779651049139424,0.2779651169968324,0.2779650092124939,0.24999997353137932,0.2499999701976776
named_rotation_37,0.01,0.5,0.99,37.0,0.0,1.0,0.01,0.7353569830524495,0.7353569830524495,0.7353569830524495,0.6,0.0,0.8,0.22970996797084808,0.22970996797084808,0.22970996797084808,0.2297100281382091,0.22971004816396032,0.22970996797084808,0.2297099629370084,0.2297099437650648,0.22970987856388092,0.24999996777891442,0.2499999701976776
named_rotation_90,0.01,0.5,0.99,90.0,0.0,1.0,0.01,0.7353569830524495,0.7353569830524495,0.7353569830524495,0.6,0.0,0.8,0.11285384744405746,0.11285384744405746,0.11285384744405746,0.11285388102572956,0.11285388783732712,0.11285384744405746,0.11285383557931371,0.11285383328581178,0.11285378783941269,0.24999995384858054,0.24999995529651642
named_rotation_180,0.01,0.5,0.99,180.0,0.0,1.0,0.01,0.7353569830524495,0.7353569830524495,0.7353569830524495,0.6,0.0,0.8,0.07079914957284927,0.07079914957284927,0.07079914957284927,0.0707991732843527,0.07079917681137211,0.07079914957284927,0.0707991511400308,0.07079914191483974,0.07079911977052689,0.24999994883527066,0.24999995529651642
named_rotation_270,0.01,0.5,0.99,270.0,0.0,1.0,0.01,0.7353569830524495,0.7353569830524495,0.7353569830524495,0.6,0.0,0.8,0.11285384744405746,0.11285384744405746,0.11285384744405746,0.11285388102572956,0.11285388783732712,0.11285384744405746,0.11285383557931371,0.11285383328581178,0.11285378783941269,0.24999995384858054,0.24999995529651642
named_rotation_360,0.01,0.5,0.99,360.0,0.0,1.0,0.01,0.7353569830524495,0.7353569830524495,0.7353569830524495,0.6,0.0,0.8,0.27796509861946106,0.27796509861946106,0.27796509861946106,0.27796521269830377,0.27796524097863823,0.27796509861946106,0.2779651049139424,0.2779651169968324,0.2779650092124939,0.24999997353137932,0.2499999701976776
epsilon_0p005,0.005,0.005,0.0,0.0,0.0,1.0,0.01,0.0050005,0.0050005,0.0050005,0.0,0.0,1.0,0.193517804145813,0.193517804145813,0.193517804145813,1.0,1.0,1.0,1.0,1.0,1.0,1.9351779632789342e-06,1.9073486328125e-06
epsilon_0p01,0.01,0.01,0.0,0.0,0.0,1.0,0.01,0.010001,0.010001,0.010001,0.0,0.0,1.0,0.774071216583252,0.774071216583252,0.774071216583252,1.0,1.0,1.0,1.0,1.0,1.0,7.740711853115737e-06,7.748603820800781e-06
epsilon_0p011,0.011,0.011,0.0,0.0,0.0,1.0,0.01,0.0110011,0.0110011,0.0110011,0.0,0.0,1.0,0.936626136302948,0.936626136302948,0.936626136302948,1.0,1.0,1.0,1.0,1.0,1.0,9.366261372813385e-06,9.357929229736328e-06
epsilon_0p01136,0.01136,0.01136,0.0,0.0,0.0,1.0,0.01,0.011361136,0.011361136,0.011361136,0.0,0.0,1.0,0.9975810647010803,0.9975810647010803,0.9975810647010803,1.0,1.0,1.0,1.0,1.0,1.0,9.989357734020645e-06,1.0013580322265625e-05
epsilon_0p01137,0.01137,0.01137,0.0,0.0,0.0,1.0,0.01,0.011371137,0.011371137,0.011371137,0.0,0.0,1.0,0.9993381500244141,0.9993381500244141,0.9993381500244141,1.0,1.0,0.9999999403953552,1.0,1.0,1.0,1.0006952556632868e-05,1.0013580322265625e-05
epsilon_0p0115,0.0115,0.0115,0.0,0.0,0.0,1.0,0.01,0.01150115,0.01150115,0.01150115,0.0,0.0,1.0,0.9985460042953491,0.9985460042953491,0.9985460042953491,1.0,1.0,0.9999999403953552,1.0,1.0,1.0,1.0237092143031178e-05,1.0251998901367188e-05
epsilon_0p012,0.012,0.012,0.0,0.0,0.0,1.0,0.01,0.0120012,0.0120012,0.0120012,0.0,0.0,1.0,1.0,1.0,1.0,1.0,1.0,1.0,1.0,1.0,1.0,1.114662513512668e-05,1.1146068572998047e-05
epsilon_0p02,0.02,0.02,0.0,0.0,0.0,1.0,0.01,0.020002,0.020002,0.020002,0.0,0.0,1.0,1.0,1.0,1.0,1.0,1.0,1.0,1.0,1.0,1.0,3.096284741246295e-05,3.0934810638427734e-05
extra_small_shift_0p0101_0,0.01,0.01,0.0,0.0,0.0,1.0,0.01,0.0101,0.0101,0.0101,0.0022952803302607374,0.0,0.9999973658406334,0.7514817118644714,0.7514817118644714,0.7514817118644714,0.7499994974908988,0.7499995060910933,0.7508228421211243,0.7508228881854294,0.9999973658406692,0.9999973773956299,1.042309552519373e-05,1.0402536645415239e-05
extra_small_shift_0p0101_1e-05,0.01,0.01,1e-05,0.0,0.0,1.0,0.01,0.0101,0.0101,0.0101,0.0022952803302607374,0.0,0.9999973658406334,0.7514817118644714,0.7514817118644714,0.7514817118644714,0.7516332770982608,0.7516332856861967,0.7508228421211243,0.7508228881854294,0.999997388743412,0.9999973773956299,1.0400439713649662e-05,1.0402536645415239e-05
extra_small_shift_0p013_0,0.01,0.01,0.0,0.0,0.0,1.0,0.01,0.013,0.013,0.013,0.0026043264761565874,0.0,0.9999966087360525,0.7490279674530029,0.7490279674530029,0.7490279674530029,0.7499993581183722,0.7499993641364752,0.7496566772460938,0.7496566768644838,0.9999966087360365,0.9999966025352478,1.3415858293620352e-05,1.3433256754069589e-05
extra_small_shift_0p013_1e-05,0.01,0.01,1e-05,0.0,0.0,1.0,0.01,0.013,0.013,0.013,0.0026043264761565874,0.0,0.9999966087360525,0.7490279674530029,0.7490279674530029,0.7490279674530029,0.7514392644252611,0.7514392704639624,0.7496566772460938,0.7496566768644838,0.9999966347292132,0.9999966025352478,1.3390151202784684e-05,1.3433256754069589e-05
extra_small_shift_0p015_0,0.01,0.01,0.0,0.0,0.0,1.0,0.01,0.015,0.015,0.015,0.0027977117919855206,0.0,0.9999960863967063,0.7484001517295837,0.7484001517295837,0.7484001517295837,0.7499992381994793,0.7499992661986287,0.7490277886390686,0.749027785488592,0.9999960863963198,0.9999960660934448,1.5479830523779122e-05,1.5512905520154163e-05
extra_small_shift_0p015_1e-05,0.01,0.01,1e-05,0.0,0.0,1.0,0.01,0.015,0.015,0.015,0.0027977117919855206,0.0,0.9999960863967063,0.7484001517295837,0.7484001517295837,0.7484001517295837,0.7513396150078776,0.7513396430126268,0.7490277886390686,0.749027785488592,0.9999961143233298,0.9999960660934448,1.545221520683378e-05,1.5512905520154163e-05
extra_small_shift_0p02_0,0.01,0.01,0.0,0.0,0.0,1.0,0.01,0.02,0.02,0.02,0.0032311442660146548,0.0,0.999994779839741,0.7484725117683411,0.7484725117683411,0.7484725117683411,0.7499990010279041,0.7499990212152113,0.749100387096405,0.7491003803461279,0.999994779839443,0.9999947547912598,2.0639753591451716e-05,2.068184403469786e-05
extra_small_shift_0p02_1e-05,0.01,0.01,1e-05,0.0,0.0,1.0,0.01,0.02,0.02,0.02,0.0032311442660146548,0.0,0.999994779839741,0.7484725117683411,0.7484725117683411,0.7484725117683411,0.7511595778069956,0.7511595979940574,0.749100387096405,0.7491003803461279,0.9999948121007183,0.9999947547912598,2.06078648689331e-05,2.068184403469786e-05
extra_small_shift_0p04_0,0.01,0.01,0.0,0.0,0.0,1.0,0.01,0.04,0.04,0.04,0.004573068450421834,0.0,0.9999895434678043,0.7509134411811829,0.7509134411811829,0.7509134411811829,0.7499980287895477,0.7499980393867239,0.7504594922065735,0.7504595043894605,0.9999895434677426,0.9999895691871643,4.1279344538152574e-05,4.122902100789361e-05
extra_small_shift_0p04_1e-05,0.01,0.01,1e-05,0.0,0.0,1.0,0.01,0.04,0.04,0.04,0.004573068450421834,0.0,0.9999895434678043,0.7509134411811829,0.7509134411811829,0.7509134411811829,0.7508180461514169,0.7508180567481938,0.7504594922065735,0.7504595043894605,0.9999895891479506,0.9999895691871643,4.123426255706073e-05,4.122902100789361e-05
extra_cancellation_worst,0.01,0.011,0.0,0.0,0.0,1.0,0.01,0.011867604444444443,0.011867604444444443,0.011867604444444443,0.0,0.0,1.0,0.9971585869789124,0.9971585869789124,0.9971585869789124,1.0,1.0,1.0,1.0,1.0,1.0,1.0103997545049623e-05,1.0132789611816406e-05
extra_rounding_no_floor,0.01,0.01,0.0,0.0,0.99,1.0,0.01,0.0129,0.0129,0.0129,0.004472124773269218,0.0,0.9999900000000062,0.98549485206604,0.98549485206604,0.98549485206604,0.9901917147514869,0.9901917057440565,0.9883295893669128,0.9883295905742288,0.999999900000089,0.9999998807907104,1.008342057327197e-05,1.013147812045645e-05
extra_epsilon_012_cancellation,0.01,0.012,0.0,0.0,0.0,1.0,0.01,0.012034265555555555,0.012034265555555555,0.012034265555555555,0.0,0.0,1.0,0.9974711537361145,0.9974711537361145,0.9974711537361145,1.0,1.0,1.0,1.0,1.0,1.0,1.1177336428614152e-05,1.1205673217773438e-05
